{
  "technicians": [
    {
      "id": "t001",
      "name": "Juan Reyes",
      "services": [
        "Plomería",
        "Mantenimiento A/C"
      ],
      "servicesIds": [
        "plomeria",
        "aires"
      ],
      "zone": "Punta Cana",
      "phone": "+1 809-555-0101",
      "rating": 4.8,
      "photo": "assets/img/user1.jpg",
      "bio": "Plomero con 10 años de experiencia. Instalaciones, reparaciones y urgencias 24/7."
    },
    {
      "id": "t002",
      "name": "María López",
      "services": [
        "Electricidad",
        "Instalaciones"
      ],
      "servicesIds": [
        "electricidad"
      ],
      "zone": "Bávaro",
      "phone": "+1 809-555-0202",
      "rating": 4.7,
      "photo": "assets/img/user2.jpg",
      "bio": "Electricista certificada — trabajos residenciales y comerciales."
    },
    {
      "id": "t003",
      "name": "Carlos Fernández",
      "services": [
        "Refrigeración",
        "Mantenimiento A/C"
      ],
      "servicesIds": [
        "refrigeracion",
        "aires"
      ],
      "zone": "Friusa",
      "phone": "+1 809-555-0303",
      "rating": 4.9,
      "photo": "assets/img/user3.jpg",
      "bio": "Especialista en refrigeración y compresores. Servicio rápido en zona hotelera."
    },
    {
      "id": "t004",
      "name": "Rosa Martínez",
      "services": [
        "Cerrajería",
        "Herrería"
      ],
      "servicesIds": [
        "cerrajeria",
        "herreria"
      ],
      "zone": "Punta Cana",
      "phone": "+1 809-555-0404",
      "rating": 4.6,
      "photo": "assets/img/user4.jpg",
      "bio": "Aperturas, cambios de cerraduras, cerrajería de emergencia."
    }
  ]
}